URL,Last crawled
https://nocko.com/articles/it-support-remote,2026-04-23
https://nocko.com/articles/it-amc-hardware,2026-04-21
https://nocko.com/articles/it-consulting-roadmap,2026-04-14
https://nocko.com/articles/managed-it-scalable,2026-04-09
https://nocko.com/articles/cybersecurity-data-protection,2026-04-09
https://nocko.com/articles/cybersecurity-protection,2026-04-09
https://nocko.com/articles/it-support-24-7,2026-04-05
https://nocko.com/articles/it-support-monitoring,2026-03-29
https://nocko.com/articles/it-support-onsite,2026-03-29
https://nocko.com/articles/cloud-data-management,2026-03-28
https://nocko.com/articles/it-amc-updates,2026-03-01
https://nocko.com/case-studies/gss,2026-03-01
https://nocko.com/articles/cloud-migration,2026-02-19
https://nocko.com/articles/it-consulting-strategy,2026-02-14
https://nocko.com/articles/it-amc-costs,2026-02-12
https://nocko.com/contact,2026-02-12
https://nocko.com/articles/managed-it-monitoring,2026-02-12
https://nocko.com/articles/cybersecurity-incident-response,2026-02-12
https://nocko.com/articles/cybersecurity-firewall,2026-02-10
https://nocko.com/articles/managed-it-cost,2026-02-10
https://nocko.com/articles/managed-it-backup,2026-02-10
https://nocko.com/articles/cybersecurity-compliance,2026-02-09
https://nocko.com/articles/cloud-multi-hybrid,2026-02-05
https://nocko.com/articles/it-support-helpdesk,2026-01-30
https://nocko.com/articles/it-amc-priority,2026-01-24
https://nocko.com/case-studies/gss.html,2026-01-23
https://nocko.com/articles/cloud-security-compliance,2026-01-03
https://nocko.com/articles/it-support-optimization,2026-01-03
https://nocko.com/articles/it-amc-maintenance-visits,2026-01-02
https://www.nocko.com/locations/dubai,2025-12-29
https://nocko.com/case-studies/solus,2025-12-28
https://nocko.com/services/managed-it.html,2025-12-19
https://nocko.com/manifest.json,2025-12-18
https://nocko.com/services/it-amc.html,2025-12-18
https://nocko.com/case-studies/scalini.html,2025-12-15
https://nocko.com/case-studies/solus.html,2025-12-15
https://nocko.com/case-studies/it-consulting,2025-12-15
https://nocko.com/services/network-infrastructure,2025-12-15
https://nocko.com/case-studies/fh,2025-12-13
https://nocko.com/case-studies/projection,2025-12-12
https://nocko.com/case-studies/enterprise,2025-12-11
https://nocko.com/case-studies/cybersecurity,2025-12-11
https://nocko.com/case-studies/scalini,2025-12-11
https://nocko.com/case-studies/technohub,2025-12-10
https://nocko.com/favicon.ico?favicon.2452a4e0.ico,2025-12-09
https://nocko.com/_next/static/media/e8f2fbee2754df70.p.9b7a96b4.woff2,2025-12-09
https://nocko.com/favicon.ico,2025-12-09